id,speaker,speech_file,snr_db,seconds,system,pesq_wb_16k,stoi,si_snr_48k_db,MOS_COL,MOS_DISC,MOS_LOUD,MOS_NOISE,MOS_REVERB,MOS_SIG,MOS_OVRL,pcm_sha256
00033,p106,sentences_22_regular,8.8,15.521145833333334,noisy,1.160514235496521,0.9341323098813106,6.02939601782877,3.01600980758667,3.669826030731201,2.936469078063965,2.111285924911499,4.561262607574463,2.8959929943084717,2.1430740356445312,9c364cdc10a11b9ada666e4835dd66a63be51f6577c73fc02db2dd877ff751bd
00033,p106,sentences_22_regular,8.8,15.521145833333334,onnx,2.696284532546997,0.9795230037546103,18.16125487226119,3.5892186164855957,4.179973602294922,3.560386896133423,4.724769592285156,4.827930927276611,4.046863079071045,3.5432257652282715,1a364f19c7995bbf56ba2ebaea972d0c01dfaa957e0fc0e3804ab7b4fdf12bfc
00033,p106,sentences_22_regular,8.8,15.521145833333334,fp16,2.696307420730591,0.9795200917981791,18.161233635482297,3.590090751647949,4.179368019104004,3.560575008392334,4.72412109375,4.828124046325684,4.04787540435791,3.5440902709960938,02c586ca6912d4b159184ef33a2ce2ba806bef7d733a681d0928251228180f95
00033,p106,sentences_22_regular,8.8,15.521145833333334,int8,2.6886630058288574,0.9795448162669033,18.14438586115948,3.612891912460327,4.15648078918457,3.4505622386932373,4.696413993835449,4.849504470825195,3.9240829944610596,3.4297561645507812,1ef795ea36b0c33bb345d7ba526b4c7c2da45771ea73002aff8e63432cd97c67
00033,p106,sentences_22_regular,8.8,15.521145833333334,w7a8,2.6896579265594482,0.979330605437268,18.12350006237655,3.7479634284973145,4.1859660148620605,3.5759921073913574,4.742105484008789,4.849851608276367,4.154170036315918,3.6936795711517334,edf70eaa27feefd2c46646cb3ac1f6a89f298e85cf71eaafeb5204a1e648b3c0
00046,p105,rainbow_07_highpitch,10.3,20.607979166666667,noisy,1.1660360097885132,0.8747991900940428,8.212107676519578,3.0055034160614014,3.520785331726074,3.1071808338165283,2.3022401332855225,4.173847198486328,2.8663330078125,2.277479887008667,a585e9efc1a2f0bd0cced6154655eeb5ab98f9556f76f8c6600cd5afa9cb2c2b
00046,p105,rainbow_07_highpitch,10.3,20.607979166666667,onnx,2.5672059059143066,0.9426621007916799,18.452090882967973,4.17662239074707,4.00253963470459,3.347201108932495,4.94053840637207,4.874870777130127,3.874070167541504,3.4152793884277344,7cdceed964bb976d15940df97e463307fe54c838865b7e102b3fa09822969f19
00046,p105,rainbow_07_highpitch,10.3,20.607979166666667,fp16,2.567244052886963,0.9426550981441738,18.45184625620735,4.175865173339844,4.001961708068848,3.3468639850616455,4.9405436515808105,4.874669551849365,3.874096393585205,3.4153692722320557,fa84639711e46a13353365fef939e3b1a8925ff5886f4b4281172357a0233bd4
00046,p105,rainbow_07_highpitch,10.3,20.607979166666667,int8,2.5651702880859375,0.9424397406264707,18.43798297254899,4.161591529846191,4.000809192657471,3.3634777069091797,4.946656703948975,4.8900909423828125,3.9258337020874023,3.4675426483154297,503ca668b8dd96f73cc36f2aa6b147c216b44b1080b2ba2ae4ef55b797f23adf
00046,p105,rainbow_07_highpitch,10.3,20.607979166666667,w7a8,2.5645525455474854,0.9425125912282492,18.395342503979876,4.076139450073242,4.016012191772461,3.386842727661133,4.945890426635742,4.873753070831299,3.9519577026367188,3.401306629180908,7d9eeddb6392b83cf9e0cab238c633386c910b96104f403eca71a51654ad7933
00084,p102,rainbow_04_regular,10.1,12.9564375,noisy,1.3257921934127808,0.9007497828280879,8.802153999119277,3.1986818313598633,3.472790002822876,3.3792405128479004,2.1828677654266357,3.921009063720703,3.0451622009277344,2.314379930496216,e57e239d1b89001b8f85b64155a84d02b6c23905e065b3a905414cb0bf26c7fa
00084,p102,rainbow_04_regular,10.1,12.9564375,onnx,2.5557193756103516,0.9645334297741234,15.942436000066884,4.476881980895996,4.50098180770874,4.255953788757324,4.810985565185547,4.799822807312012,4.660949230194092,4.2453413009643555,36c96b6ba46faa7d19d27b967f271857eb5a47e7a99199f541b858cd328627b9
00084,p102,rainbow_04_regular,10.1,12.9564375,fp16,2.5556795597076416,0.9645321244952735,15.942484639586352,4.47690486907959,4.501255512237549,4.255701065063477,4.810846328735352,4.799526214599609,4.66120719909668,4.245516300201416,6a9586c1d3aaff426641eaa976cf950d2eb8477b19852da6c615d07d2816638e
00084,p102,rainbow_04_regular,10.1,12.9564375,int8,2.559666395187378,0.9644118058089227,15.944804137392953,4.483554363250732,4.532049179077148,4.270717620849609,4.817871570587158,4.819918632507324,4.645079612731934,4.238065719604492,49177607fd517b8bdebf1c406fd6ad05ce91ad1a56cb9b8e9662443805fc1960
00084,p102,rainbow_04_regular,10.1,12.9564375,w7a8,2.5239055156707764,0.9639359880109066,15.903599546904417,4.492321014404297,4.532031059265137,4.215187072753906,4.833748817443848,4.836916923522949,4.648396015167236,4.247025489807129,9fde6f45d904269afcd45792b19707b260539bf18a2ed36c8f617324d21bb8b9
00101,p102,emo_amusement_sentences,0.4,8.504708333333333,noisy,1.0495672225952148,0.7510502733425328,-1.7239029583760375,2.719660997390747,4.639662742614746,2.524033308029175,1.078838586807251,3.782665252685547,2.899137496948242,1.5125139951705933,8314572dd4ad5bfaba457d99a3fc5bb3d4a718b42584741f86ddf9b76b87c92a
00101,p102,emo_amusement_sentences,0.4,8.504708333333333,onnx,1.9355024099349976,0.9067520178283572,10.549228182678439,3.101175546646118,3.7388370037078857,3.7652978897094727,4.644048690795898,4.129216194152832,3.1608691215515137,2.8539326190948486,ce3c8881226ec8040205cb477d8bd044909ac5bff3f3c2964fce7fa483cae813
00101,p102,emo_amusement_sentences,0.4,8.504708333333333,fp16,1.935608983039856,0.9067552274232177,10.549313487808295,3.101494312286377,3.7382521629333496,3.764434337615967,4.643776893615723,4.12977409362793,3.1600699424743652,2.85386323928833,e85e5f0c0eefc82d8d43908c716a45a441871b85a40e79e032b16b769c74070b
00101,p102,emo_amusement_sentences,0.4,8.504708333333333,int8,1.939900517463684,0.9069633038754085,10.558224874798128,3.1974315643310547,3.719470739364624,3.6536102294921875,4.649336338043213,4.166975498199463,3.158022403717041,2.8855695724487305,9813af4e5033f3a8cfea1aa1037ab28cfa2e0c7bb718dc8cc9d51d5a28ea8c95
00101,p102,emo_amusement_sentences,0.4,8.504708333333333,w7a8,1.8904848098754883,0.9060342472893713,10.53503058896692,3.0867671966552734,3.7538414001464844,3.659837007522583,4.673086643218994,4.181245803833008,3.205674886703491,2.9175939559936523,c994097c3babfc0dfe5527f0dfc3ffb130e8f024449713cbf33275c22fb8f77a
00133,p107,freeform_speech_01,-0.7,18.1588125,noisy,1.0598232746124268,0.6223593045535636,-1.6248857582596705,3.2053322792053223,4.610221862792969,2.5676512718200684,1.0119327306747437,4.129203796386719,2.756256341934204,1.3794362545013428,94c4b1543d7eb9c1751d9135d845498ebf3a91935184dc90046069726b3ddeeb
00133,p107,freeform_speech_01,-0.7,18.1588125,onnx,1.4589606523513794,0.8216808499776169,10.61188364384324,2.5217976570129395,3.3961405754089355,3.1283743381500244,4.357501029968262,4.4195404052734375,3.01777982711792,2.455383062362671,810e9cf90403da9b49d976fb36fd2ce23c70431c1ffaaa1c93310e8b802e2d47
00133,p107,freeform_speech_01,-0.7,18.1588125,fp16,1.4590542316436768,0.8216777106994068,10.6120311025869,2.5234928131103516,3.394807815551758,3.1293420791625977,4.35599422454834,4.420022010803223,3.0193917751312256,2.4560136795043945,8273ed9435335814c531e1ac2d3a6190444a962aaefd895294d285cf72b26fa6
00133,p107,freeform_speech_01,-0.7,18.1588125,int8,1.4627981185913086,0.8212289861592866,10.605823492595594,2.676898956298828,3.568373680114746,3.0319817066192627,4.44374942779541,4.52102518081665,2.9719021320343018,2.5110063552856445,307b1f9d28b0a4bfc5c117f59bfd004352e59deb0eec94c0023c181b5caa9564
00133,p107,freeform_speech_01,-0.7,18.1588125,w7a8,1.4501676559448242,0.8204344655689225,10.606006967189042,2.75486421585083,3.185786485671997,3.1543335914611816,4.189286708831787,4.297906875610352,2.9742510318756104,2.4107189178466797,01d751d1557eb4bc3886a2b873e44cc68079fee8c68dfa75f0429b4e97bca375
00161,p102,rainbow_08_slow,15.6,18.268395833333333,noisy,1.69084632396698,0.9584120132914544,15.176272125277901,3.564772844314575,2.1770148277282715,3.1669838428497314,2.724193572998047,4.263028144836426,2.6040377616882324,2.2606377601623535,dd233f131f3f675820e1fa372c6d4b6f9d034150b29353bf7d8f4d583c619ede
00161,p102,rainbow_08_slow,15.6,18.268395833333333,onnx,3.194218158721924,0.9834929534272776,19.63478090937737,3.808811664581299,4.484983921051025,4.6238579750061035,4.659465312957764,4.836828231811523,4.212482452392578,3.792189121246338,6ef4db86afeae6f4ea56bd1c6f03ea0d2c64db57f13d24fbe7a48fed0e12612b
00161,p102,rainbow_08_slow,15.6,18.268395833333333,fp16,3.1942684650421143,0.9834882699557979,19.633890656542135,3.8089380264282227,4.485177040100098,4.623971939086914,4.6608123779296875,4.836250305175781,4.212582111358643,3.7924880981445312,daca4480ccbe81812d2f446958a0b166171cf57ef4eb22d4579742b6465a0387
00161,p102,rainbow_08_slow,15.6,18.268395833333333,int8,3.1977155208587646,0.9833891089260901,19.611050344997167,3.7541449069976807,4.469240188598633,4.643906593322754,4.645174980163574,4.833939552307129,4.18172025680542,3.7552528381347656,40874f132044efd53deb0c1653ca592674756aa730fc33cbcc9a0d8bca42b417
00161,p102,rainbow_08_slow,15.6,18.268395833333333,w7a8,3.189800977706909,0.9832377597788376,19.640439188710985,4.036919593811035,4.475029945373535,4.60046911239624,4.65800666809082,4.837521076202393,4.35064172744751,3.945181369781494,ef53071344a4ef4fa67728def8e529db5c2d7c19a32783c6a4a91662a1650530
00174,p105,sentences_02_slow,15.9,24.2475,noisy,1.8642290830612183,0.9650295717664932,13.517534913294686,3.334540843963623,3.457005739212036,3.7731823921203613,2.4628305435180664,4.369844436645508,3.158916711807251,2.398780584335327,709b7fd9b4843067fd150894c50e5d5da72ce4ccd87775f99aa592dd464e8210
00174,p105,sentences_02_slow,15.9,24.2475,onnx,3.102538585662842,0.9785396773004961,17.102451999132825,4.532844543457031,4.342198371887207,3.9201881885528564,4.7711591720581055,4.875783920288086,4.2704267501831055,3.860473155975342,f444db9b4ed1ec1dfdd644b8b28cbac8a2bb52f37335ec1aaa7a9350e36352bf
00174,p105,sentences_02_slow,15.9,24.2475,fp16,3.1024467945098877,0.9785372487374411,17.100458396645905,4.531888008117676,4.341275215148926,3.919267177581787,4.771127700805664,4.875480651855469,4.2689995765686035,3.8585267066955566,483da1e49bba69235bd6c96e3f654cf8057f5c85ee1264d9ecd5f1df56c67371
00174,p105,sentences_02_slow,15.9,24.2475,int8,3.100611925125122,0.9784292017320262,17.10813778899832,4.507367134094238,4.35299015045166,3.9202425479888916,4.777071952819824,4.859524726867676,4.252280235290527,3.8252604007720947,a7b8c0b45258129ea6c3e1000d86c00ff37c1d05d4ea63bfe21b407069ab711b
00174,p105,sentences_02_slow,15.9,24.2475,w7a8,3.1165788173675537,0.9785896618115296,17.133061323210338,4.537444114685059,4.285863399505615,3.9692366123199463,4.734514236450195,4.861660003662109,4.296703338623047,3.908963918685913,bc761803e82d97962454af75e83a07843b1cc14e32946991d2df58e676704638
00181,p102,rainbow_05_regular,-0.1,14.491145833333333,noisy,1.0520775318145752,0.7687664516594374,-0.10106484659113887,2.7189247608184814,4.4794230461120605,2.6680684089660645,1.0042152404785156,4.089890003204346,2.4472579956054688,1.239894151687622,9ec670815b25c409e331789a6cf0d3fc50f6bedc4733727e1351ba05ccc148df
00181,p102,rainbow_05_regular,-0.1,14.491145833333333,onnx,1.7702161073684692,0.9202396326914499,10.601783431878031,3.693291425704956,3.9376707077026367,3.8301920890808105,4.400623321533203,4.693328380584717,3.6309494972229004,3.2095890045166016,60bee4b1a77933580278317901fc80cd8a00e491cd798ff57cebe03e28e0ed7e
00181,p102,rainbow_05_regular,-0.1,14.491145833333333,fp16,1.7703781127929688,0.9202485123978624,10.602067263687665,3.6946444511413574,3.9376232624053955,3.8286309242248535,4.401148319244385,4.693877220153809,3.6308400630950928,3.2085015773773193,3bd5d402406b2128a05807d584b6ae739cbb3bae7593831006261d3d079a8c46
00181,p102,rainbow_05_regular,-0.1,14.491145833333333,int8,1.776038646697998,0.9203571065058637,10.601181765106343,3.622028112411499,3.9108777046203613,3.9223601818084717,4.503107070922852,4.738716125488281,3.6661972999572754,3.225433349609375,688cf7e967641ce5d2c23a50c49bfd965a8b4f52dddf4d7a6633c3566d397957
00181,p102,rainbow_05_regular,-0.1,14.491145833333333,w7a8,1.7424495220184326,0.9194619089519735,10.566457082746656,3.6796536445617676,3.95928955078125,3.9405932426452637,4.400740623474121,4.601528644561768,3.6987557411193848,3.198713541030884,24d3274f929069af9575da83aa1c76ea43961f408609a302dc49ca54f9de34cf
00200,p103,rainbow_04_loud,9.1,19.233958333333334,noisy,1.2205874919891357,0.8659956046493195,7.727658087954196,2.955033540725708,3.730569362640381,3.602013111114502,1.506582498550415,4.137967586517334,2.904109477996826,2.0498976707458496,7a45bf3c7d8033e3701bd7e250a0fdd0f73441008755c4b728e86ee852d31776
00200,p103,rainbow_04_loud,9.1,19.233958333333334,onnx,3.0818967819213867,0.9635040442524152,19.084960011773614,3.753990411758423,3.8271889686584473,3.9461488723754883,4.558371067047119,4.77714729309082,3.7430551052093506,3.2711236476898193,d40ed16d45350fd6341d57b567dfa1dd9b5efc2b45f97b1be2a9b6efa5a0da99
00200,p103,rainbow_04_loud,9.1,19.233958333333334,fp16,3.0821268558502197,0.9635012585279,19.084846968029623,3.7525556087493896,3.8240280151367188,3.9456615447998047,4.558302402496338,4.776229381561279,3.7408530712127686,3.269008159637451,3e4a2de72be9a55379e60ffe20e2c36780e58d6769fa43d70c444f7fad03aa1a
00200,p103,rainbow_04_loud,9.1,19.233958333333334,int8,3.085815668106079,0.9632960118759387,19.071557847447455,3.724928379058838,3.7972068786621094,3.9345669746398926,4.6130266189575195,4.779862403869629,3.719993829727173,3.2773990631103516,3639d8fd4a759584887b0a2a0185cc3f15bf88860e4c42e0637a5aaa22fb862c
00200,p103,rainbow_04_loud,9.1,19.233958333333334,w7a8,3.072410821914673,0.9634167079757678,19.04692330904294,3.7412586212158203,3.7115254402160645,3.975039482116699,4.664175987243652,4.724924564361572,3.6582303047180176,3.2285821437835693,b2e8a8b0490a5f373890feacefa192143435844131a74c308bbb2f54693e4a4a
00206,p105,emo_anger_freeform,-0.6,9.232770833333333,noisy,1.0720815658569336,0.6773222177225785,-3.88516541462131,2.2289011478424072,4.7523016929626465,1.3062849044799805,1.0096824169158936,4.200865268707275,2.597229242324829,1.2926558256149292,7a660b66c78e8e2d0641c6da620171a4da2de11fd324ef95fb34fa14da0ab4f8
00206,p105,emo_anger_freeform,-0.6,9.232770833333333,onnx,1.649127721786499,0.8834260369283679,10.77444960399933,3.3749284744262695,3.4722275733947754,3.6181042194366455,4.0889716148376465,4.292713165283203,3.7839040756225586,3.2311275005340576,f24417948d0133180fae8ccdb07630d3339aba1ef5a5e0462757afa68ffc8710
00206,p105,emo_anger_freeform,-0.6,9.232770833333333,fp16,1.6491670608520508,0.8834236293347124,10.774133614828035,3.3775758743286133,3.4646310806274414,3.6120798587799072,4.091831684112549,4.29361629486084,3.7830235958099365,3.2329938411712646,fa83e3cb32521c3140122d944ec99e33f5799559819d38536ec35b8ad2840111
00206,p105,emo_anger_freeform,-0.6,9.232770833333333,int8,1.6463539600372314,0.8835835363727951,10.744661413095455,3.305316209793091,3.4141178131103516,3.5488181114196777,4.100334167480469,4.3533406257629395,3.7844631671905518,3.263035774230957,0f158e8c46ea5ee27ad2a81aced30be85c55dba7340f70679a531af6eeffcbc2
00206,p105,emo_anger_freeform,-0.6,9.232770833333333,w7a8,1.6404494047164917,0.8823684531960054,10.767074884186805,3.283757209777832,3.526888370513916,3.812546730041504,4.333802223205566,4.451119899749756,3.7401373386383057,3.283271312713623,140e2b2e1f597f8d2cff8b31041edaafe47a561c473692fc7ec9370d83168bce
00207,p106,emo_guilt_freeform,5.2,15.8489375,noisy,1.0524460077285767,0.661603876530596,4.435299101840674,3.51424503326416,3.6880862712860107,2.3660662174224854,1.0462700128555298,4.153033256530762,2.740366220474243,1.4894517660140991,768421bd9bb18ad8dabc0d51f7c146d789bd7b7152ac293af4b73f1f0e4f4787
00207,p106,emo_guilt_freeform,5.2,15.8489375,onnx,2.1375815868377686,0.8321305562502918,16.422410699778965,3.2643933296203613,3.325451135635376,2.430323600769043,4.595216751098633,4.787466049194336,2.9055819511413574,2.3359436988830566,b0bfd2db7fd269e76b0d6c49e720ef4ed94f097cae864e19504c9e72b0a18742
00207,p106,emo_guilt_freeform,5.2,15.8489375,fp16,2.1376230716705322,0.8321249310943298,16.422158706933597,3.26562762260437,3.326226234436035,2.428388833999634,4.594705581665039,4.786494731903076,2.9054155349731445,2.3361780643463135,946b8884acbd1a762cdd7767c34cfa32949dbed87450d7e743e85ee2d9d986b9
00207,p106,emo_guilt_freeform,5.2,15.8489375,int8,2.136502981185913,0.8315375720034592,16.398443940779355,3.270177125930786,3.257054090499878,2.4276297092437744,4.561718940734863,4.789676189422607,2.894702911376953,2.332956552505493,17adce8aec2b8248718889d58108ba05d92a2cdb4f0f4550a48b0e43055de01b
00207,p106,emo_guilt_freeform,5.2,15.8489375,w7a8,2.1345787048339844,0.8316238830443133,16.403734080739184,3.1231343746185303,3.3774986267089844,2.435800790786743,4.5730299949646,4.750155925750732,2.9021172523498535,2.338838815689087,ec4654daa8ce7c1136692823c23c6aed9c05a0d2f6ed3e21845dab4d26d0aedd
00234,p103,emo_fear_freeform,0.2,19.113791666666668,noisy,1.0510056018829346,0.7757469109657894,-1.2762045176330028,2.758634567260742,4.265272617340088,2.1295790672302246,1.007537841796875,4.173670768737793,2.607006549835205,1.2737733125686646,5d0587244e2e8e15314763cdc1798e9aeb6b2a3ea5d42d62589489f6d16cd106
00234,p103,emo_fear_freeform,0.2,19.113791666666668,onnx,1.8315109014511108,0.8978987701963719,12.720121388636878,3.292773723602295,3.7263617515563965,3.462707757949829,4.6552534103393555,4.451670169830322,3.2532591819763184,2.8483898639678955,6c887d35c6cf69eed1bdcf725becffa7a8f3afb995a10e1406d705b70128d172
00234,p103,emo_fear_freeform,0.2,19.113791666666668,fp16,1.8315625190734863,0.8978922926490004,12.719964350156046,3.29278564453125,3.725343942642212,3.459620475769043,4.654677867889404,4.450179100036621,3.2528061866760254,2.848595380783081,3c6d98c76cf240a29e61cc3432dfb149133e81d03f8a65e893d92670f9704949
00234,p103,emo_fear_freeform,0.2,19.113791666666668,int8,1.8403749465942383,0.8981685682406646,12.730215494467759,3.239628553390503,3.7228105068206787,3.561100482940674,4.688237190246582,4.5318098068237305,3.1169731616973877,2.782344341278076,59189a062487ec0bb092f837904cfd12cc22d90c0cd5966398da17761714200f
00234,p103,emo_fear_freeform,0.2,19.113791666666668,w7a8,1.8275361061096191,0.8984931352784434,12.687376494255796,3.42275333404541,3.775374174118042,3.3056094646453857,4.507654190063477,4.4415788650512695,3.309809684753418,2.798635959625244,d9bdb88796363b72464aaba67c84e48a776be80a07321a82fafdf816568c8e43
00237,p107,rainbow_04_slow,0.5,23.4525625,noisy,1.0712693929672241,0.6842669221217427,-0.4055596227929398,3.2515199184417725,4.03403902053833,1.231168270111084,1.0004620552062988,4.035373687744141,2.9030983448028564,1.2033336162567139,f77e343c5c32684ac8b29335a97c0a96a60c2031d71b545d85f6fb0ba350cdac
00237,p107,rainbow_04_slow,0.5,23.4525625,onnx,1.5258029699325562,0.8698848879556645,9.802343733982262,2.921566963195801,2.916996717453003,2.4436724185943604,4.537312030792236,4.402403354644775,2.548224925994873,2.3047192096710205,788e593115c8ef03075cf7183c0233e740a40fa5ca073ff9c6c29f926af3e968
00237,p107,rainbow_04_slow,0.5,23.4525625,fp16,1.5258287191390991,0.8698816709262074,9.802353001536106,2.9206371307373047,2.913527250289917,2.4433722496032715,4.536710739135742,4.402347564697266,2.5481348037719727,2.304532289505005,e670640ae5194b2853f07a69512fdbd70eafa17a5787de71fc64ff80a8a72887
00237,p107,rainbow_04_slow,0.5,23.4525625,int8,1.5279427766799927,0.8695100040132047,9.790174736176866,2.9238033294677734,2.968663454055786,2.54599928855896,4.590149879455566,4.498553276062012,2.5691583156585693,2.3135733604431152,04ec86fbb49a5fb12e3d4df9c68e5744906214e866ba124499c2a9b08bcb6343
00237,p107,rainbow_04_slow,0.5,23.4525625,w7a8,1.5228705406188965,0.87014702061108,9.815677913535218,2.9392988681793213,2.791141986846924,2.4207797050476074,4.445821762084961,4.3399810791015625,2.5691120624542236,2.303499698638916,842beb2ebe59b9a3d25afd3d861108ffe76b6938d1c07d200f12a94e37ac59d1
00240,p106,sentences_10_fast,13.6,11.490479166666667,noisy,1.2467577457427979,0.8646137851238922,11.224465601728856,2.6933557987213135,3.079699993133545,3.1990249156951904,1.7561328411102295,3.8182854652404785,2.1226630210876465,1.5778733491897583,48105ecc40bc04b57b492fc4e4f3618d2ea15e7e162020044275ebea50ff9c08
00240,p106,sentences_10_fast,13.6,11.490479166666667,onnx,2.924335479736328,0.9365938176196228,21.906328375872853,3.681674003601074,4.487915992736816,4.007560729980469,4.630709171295166,4.84531307220459,3.950927734375,3.532118797302246,d3ac3c384656650e03984cc5ea9db629f4bf2495bb11eecf235a551e2950b69b
00240,p106,sentences_10_fast,13.6,11.490479166666667,fp16,2.9245822429656982,0.9365937051915799,21.906356906983746,3.6817970275878906,4.488570213317871,4.011873722076416,4.631875038146973,4.8456010818481445,3.950040102005005,3.5322134494781494,6b26f9760c7b7bbd3c9bf0ffd5de4b895283d2c4e1184d0a3c90293b106dabb2
00240,p106,sentences_10_fast,13.6,11.490479166666667,int8,2.9325883388519287,0.9364152208352032,21.893129248901527,3.711519241333008,4.424548625946045,3.9975569248199463,4.630884647369385,4.849942207336426,3.963273763656616,3.5413641929626465,4b38e621ae7ba34a3ea2c8a3b5e3418da03f0529e5e2f0ea17adaa9ec4efbc85
00240,p106,sentences_10_fast,13.6,11.490479166666667,w7a8,2.910871744155884,0.9370998233815876,21.84612695743805,3.6391119956970215,4.395526885986328,3.915839672088623,4.55657958984375,4.804832458496094,3.8468174934387207,3.460392475128174,da14c0c616a46838ec687d0305a1c84186878630c5e1602bf9a5d8717ba381cb
00244,p107,sentences_23_regular,12.7,12.855125,noisy,1.4497218132019043,0.9205783164147704,11.952392799844883,2.697120189666748,2.4406819343566895,3.1727633476257324,1.6264560222625732,4.517851829528809,2.2087082862854004,1.684525728225708,5e786e6eafeb9b36abc342fa6fd0dcd6964a5e70a0f732a88193d5fc38748aa9
00244,p107,sentences_23_regular,12.7,12.855125,onnx,2.763178825378418,0.9733077144618508,20.011668871580326,3.5328214168548584,4.132367134094238,3.554251194000244,4.650093078613281,4.897360801696777,3.6758809089660645,3.115568161010742,fe0471e48abe78472abda7b728dceb8662fcb54d59bb6e6ce6ca74fc68248cf9
00244,p107,sentences_23_regular,12.7,12.855125,fp16,2.76344633102417,0.9733081106873613,20.01130894781744,3.5319478511810303,4.132635116577148,3.553570032119751,4.649150848388672,4.896982192993164,3.677070140838623,3.1166067123413086,1c6d926978300391b0b7f3139685f9448fbd8f76a40fd27c6db27f280f693ddb
00244,p107,sentences_23_regular,12.7,12.855125,int8,2.7571048736572266,0.9731554065377358,19.9963629942696,3.482987403869629,4.066061019897461,3.5592703819274902,4.600919723510742,4.875910758972168,3.63747501373291,3.103349208831787,040379c4b32ea6d80190d063fae62950c27be87f29bc51249b0a35b7a3243b5e
00244,p107,sentences_23_regular,12.7,12.855125,w7a8,2.775388717651367,0.9728601651821018,20.02417583949299,3.4764199256896973,4.102607727050781,3.478034734725952,4.563873291015625,4.890416622161865,3.604618549346924,3.1406052112579346,4d4684ac00d2d0d600ae1c4ac8905e2c774aaa7087e0c22c076f50af8451008c
00271,p105,emo_disappointment_sentences,1.7,14.773729166666667,noisy,1.10835862159729,0.6167980137613694,-1.5894894682421314,2.727874279022217,3.990687131881714,2.767808437347412,1.0323126316070557,3.7009406089782715,2.9548583030700684,1.6950263977050781,39cea5efa5aff17340ee2c3cb87f8e4cc0a1af0a423a1967001cd4d00a877cd1
00271,p105,emo_disappointment_sentences,1.7,14.773729166666667,onnx,1.3334838151931763,0.7188408077094172,4.686086285731089,4.335881233215332,3.8248648643493652,3.3008615970611572,4.7038679122924805,4.837610244750977,3.254908800125122,3.14087176322937,2156bf443f7649c25fd7845afacfc463499f270873572ae01323576708fec395
00271,p105,emo_disappointment_sentences,1.7,14.773729166666667,fp16,1.333557367324829,0.7188718064399732,4.685758017110357,4.336170673370361,3.824829578399658,3.3004379272460938,4.7042083740234375,4.838006973266602,3.254859209060669,3.1409146785736084,4cd3e3d6f882d2ee62c84dcee69d96784b3e57aea8c6b8d970979f4a7c24b86a
00271,p105,emo_disappointment_sentences,1.7,14.773729166666667,int8,1.3337945938110352,0.7189064925950287,4.644130764308247,4.323539733886719,3.8294155597686768,3.286595582962036,4.723109722137451,4.837235450744629,3.215024471282959,3.0993812084198,6e9165a206faf3d5cb4216f7c2382f58fe99b6eed0552d03f696acde5ce3497e
00271,p105,emo_disappointment_sentences,1.7,14.773729166666667,w7a8,1.3301479816436768,0.7177175205801184,4.713109004612431,4.399838447570801,3.7996103763580322,3.1093802452087402,4.828067302703857,4.832439422607422,3.289508581161499,3.1710565090179443,6958449aaa07fa7e2f1cf464c506b570c353981498ee484d751295a3565dbf07
00290,p102,rainbow_03_fast,-1.4,9.1861875,noisy,1.0339939594268799,0.7253658227285136,-1.7348682547340688,2.4659340381622314,4.50735330581665,1.4465311765670776,1.0010170936584473,3.486894369125366,2.0842320919036865,1.1077611446380615,e80792186bb193750e262c66325f3393b06f27098dab74e819490717b9c09d04
00290,p102,rainbow_03_fast,-1.4,9.1861875,onnx,1.4715487957000732,0.8869528217298208,7.4804707924344385,3.468986749649048,3.696683883666992,3.7079877853393555,4.289473533630371,4.083172798156738,3.466932535171509,2.939333200454712,ab1f6135ada4bcee929df3286de3263852082f05a1b170546faf3e80e5950934
00290,p102,rainbow_03_fast,-1.4,9.1861875,fp16,1.4716451168060303,0.886950324370087,7.4802634959122996,3.469675302505493,3.6967711448669434,3.7043814659118652,4.292903900146484,4.083466053009033,3.465439796447754,2.9390902519226074,6abf633093e96994917edf902edb656e352fe3b0f50760b65a410e905fe321c8
00290,p102,rainbow_03_fast,-1.4,9.1861875,int8,1.4731931686401367,0.8860737843588349,7.468799312730326,3.4108221530914307,3.7214620113372803,3.7278361320495605,4.1812872886657715,4.194913864135742,3.5254099369049072,2.9778542518615723,2639d8c36d5f56bc15b4247a90363b72f6034840ea516efb16c8ed3979177d70
00290,p102,rainbow_03_fast,-1.4,9.1861875,w7a8,1.4700422286987305,0.8863239495445052,7.42972561159695,3.56841778755188,3.6824288368225098,3.38983416557312,4.251060485839844,4.078919410705566,3.615154981613159,3.0263330936431885,bacdcb4a187779aea5b0211b67dd898d44d4e0a9e162afa2a12ff910bb392596
00305,p105,sentences_03_whisper,3.6,21.4071875,noisy,1.1783627271652222,0.7026772205324708,1.0723273897001795,3.1904044151306152,3.7771706581115723,3.321840286254883,2.282365083694458,3.713623285293579,3.0716707706451416,2.4151787757873535,7e36f345dde75c94e36b120f58d7fe8c71b94350a65963b4d77e1a54c5da9e8f
00305,p105,sentences_03_whisper,3.6,21.4071875,onnx,1.490950584411621,0.828026183262008,8.674036072974458,4.179318428039551,4.340535640716553,3.087336540222168,4.842463493347168,4.717714309692383,3.7417945861816406,3.3807175159454346,c5b55d4b5acb4123c832badf9980d419cd4bcc865dad64b28acbee0b043437dd
00305,p105,sentences_03_whisper,3.6,21.4071875,fp16,1.4908757209777832,0.8280180348325847,8.672589924828936,4.179642677307129,4.339204788208008,3.0882339477539062,4.8419189453125,4.715785026550293,3.741377353668213,3.3805441856384277,05e030ab5e5e72bd135cf87cef43c3ec5e949580e18444a074b1c0b3432d9643
00305,p105,sentences_03_whisper,3.6,21.4071875,int8,1.4920984506607056,0.8281167385935438,8.676874669334033,4.198028564453125,4.3338398933410645,3.1589179039001465,4.833712577819824,4.72768497467041,3.849919319152832,3.4628310203552246,a92ab6537942691ce739a5b3cf8d0f136cbfd1410158f43636f575eeba0559a3
00305,p105,sentences_03_whisper,3.6,21.4071875,w7a8,1.4968857765197754,0.8268278630895115,8.742376429887459,4.277385711669922,4.366102695465088,3.123277425765991,4.792145252227783,4.727367401123047,3.7935874462127686,3.4279558658599854,bec3fd85b2704ae75b8732fd7c0117d28217b129d6ba47ff4c478ebcc72d8f64
00339,p106,emo_amazement_sentences,0.9,9.181208333333334,noisy,1.0404021739959717,0.6344786595181395,-1.9064061213430548,2.7248334884643555,4.756600856781006,2.5621283054351807,1.002784013748169,4.448389053344727,2.710994005203247,1.2069571018218994,fa839d47b386861184e7801075818b88cf07803e88e9e4ca1c1d0646e8bafaf8
00339,p106,emo_amazement_sentences,0.9,9.181208333333334,onnx,1.3948804140090942,0.7098791212702962,4.354372518806413,2.4517929553985596,3.32584810256958,3.7194180488586426,3.558178663253784,4.715875625610352,3.0930097103118896,2.3834877014160156,749eb37b9b3028b8eb339d10b01684bcec09a17c736413f106130dd6dcc90aba
00339,p106,emo_amazement_sentences,0.9,9.181208333333334,fp16,1.39493989944458,0.7098864126097113,4.355559540796569,2.4529364109039307,3.325044870376587,3.718655824661255,3.5560410022735596,4.7175469398498535,3.0914838314056396,2.38250732421875,0f8958572591f240118f197e925bd72f652be4e543a132f4a6cd14d029da5301
00339,p106,emo_amazement_sentences,0.9,9.181208333333334,int8,1.3888428211212158,0.7082501824475665,4.217797437568846,2.4377641677856445,3.369729518890381,3.7269504070281982,3.8581929206848145,4.770443916320801,3.203178644180298,2.4326999187469482,b679e000c56316cf54f74aa35f0afa4036de3c90a57b15447b75ae88e1728f36
00339,p106,emo_amazement_sentences,0.9,9.181208333333334,w7a8,1.3935672044754028,0.711256949459991,4.220349021332587,2.482715606689453,3.3795034885406494,3.6520895957946777,3.7313132286071777,4.768387317657471,3.1252756118774414,2.441441774368286,f6b745692cd282b2a79a5419c33b3f90c2e49b35d53eafe736973d6742497a2b
00350,p107,rainbow_03_regular,12.8,17.0870625,noisy,1.4328536987304688,0.9291589366790617,11.81328346379546,2.4771249294281006,3.217780590057373,3.303581953048706,1.5807548761367798,4.177948474884033,2.55291748046875,1.7184301614761353,362083b0f363e467c0d370e84b7543dd12e879dd5e2b4865b35fc62dab61ff66
00350,p107,rainbow_03_regular,12.8,17.0870625,onnx,2.454770803451538,0.9777137658247116,19.230377113506606,3.98517107963562,4.041845798492432,3.306197166442871,4.4723639488220215,4.819268226623535,4.041210174560547,3.4868416786193848,3350cf954ea510d662b6c53ddb038fdc8cb5486d99eb59e65f75ca3cba08383b
00350,p107,rainbow_03_regular,12.8,17.0870625,fp16,2.4547855854034424,0.9777144313651498,19.230446712565108,3.9868762493133545,4.042240619659424,3.309103488922119,4.471707344055176,4.8196916580200195,4.042116165161133,3.4879167079925537,cbb2c7b2fe1e33e5ba432199b5466e809444529353ba88e286e272d6d1b8187d
00350,p107,rainbow_03_regular,12.8,17.0870625,int8,2.455810546875,0.9774851768027915,19.21550607767988,3.9383833408355713,4.050951957702637,3.169569253921509,4.493324279785156,4.819729804992676,3.9842262268066406,3.4639530181884766,bf28dbe20659d5202ae7e62c39249c651fb28b1921c34242875fc6b0a1353844
00350,p107,rainbow_03_regular,12.8,17.0870625,w7a8,2.4482421875,0.9775896488547003,19.202301342329402,3.9528145790100098,3.8732073307037354,3.5092642307281494,4.36812686920166,4.792964458465576,3.939485788345337,3.42398738861084,c6b9f2b2a0b3fd61418bd9a7b75a586c8391f56dd0e9b8f42c829bb166a0263d
00364,p104,freeform_speech_01,4.6,18.2090625,noisy,1.0961477756500244,0.887232202115762,2.725913784784513,2.7036993503570557,2.9530301094055176,3.2696781158447266,1.857553482055664,3.9231255054473877,3.144420623779297,2.3364737033843994,184af60d22814d5ac219d406819e9c8de04ab3d268e681e01ccb02b01829537e
00364,p104,freeform_speech_01,4.6,18.2090625,onnx,2.846108913421631,0.9732162316132025,17.769166667451472,3.457291603088379,3.5308592319488525,3.6130735874176025,4.49613094329834,4.792300701141357,3.737751007080078,3.1125693321228027,55f1d585e0d6e4b236475968bc415e35eded0a6fa2ef27b92ae16578eb04c281
00364,p104,freeform_speech_01,4.6,18.2090625,fp16,2.8461287021636963,0.9732157250500236,17.768669890749603,3.457597255706787,3.5311439037323,3.6117477416992188,4.495664119720459,4.7924370765686035,3.7372071743011475,3.1122608184814453,7967e0f6434d962e2d44eb02a0c2b89aa7316b2d20addff9050fea7616e77a2e
00364,p104,freeform_speech_01,4.6,18.2090625,int8,2.841697931289673,0.9728875968833529,17.734257061232736,3.4494380950927734,3.563049554824829,3.4932076930999756,4.46220064163208,4.774247646331787,3.721764326095581,3.091442584991455,9298a3f0a126b08507dd1a260a459596b936d189f1b164e57f14d29b12e5a12e
00364,p104,freeform_speech_01,4.6,18.2090625,w7a8,2.817509889602661,0.9732064641117233,17.820113605675278,3.503931999206543,3.524848699569702,3.60247802734375,4.40836238861084,4.700873374938965,3.707096576690674,3.1603024005889893,b41ec9d26ce083bd2b2b439a3e75a9450845fd372105324f9ba9ad1b01390d11
00406,p104,emo_contentment_sentences,5.4,9.292770833333334,noisy,1.0822263956069946,0.8689810845942534,2.8399456745218767,2.669224262237549,4.048229217529297,2.704965114593506,1.2464286088943481,4.319387435913086,2.697932481765747,1.782495379447937,7bc79af36f5ff9831072eb2bf9582850964e206bcf74a8e70d9ded83b4c2ec9c
00406,p104,emo_contentment_sentences,5.4,9.292770833333334,onnx,2.2340774536132812,0.9551582857790049,15.496706657075299,3.6085147857666016,3.5091564655303955,3.0855939388275146,4.25020170211792,4.392671585083008,3.3180441856384277,2.98602294921875,82d3a4181e4340d39c5c6eefb9836302c23ea5a7d341f6152149c8a52e8ee0df
00406,p104,emo_contentment_sentences,5.4,9.292770833333334,fp16,2.234038829803467,0.9551560053973254,15.496270667397319,3.608725070953369,3.509385824203491,3.0855886936187744,4.250382900238037,4.393775463104248,3.3186397552490234,2.9863686561584473,07cee682761cfdb7e547c68f2f4387d746c2b75bfb41b69e0ef0b7bbbfc20217
00406,p104,emo_contentment_sentences,5.4,9.292770833333334,int8,2.2391717433929443,0.9552634675738745,15.494289771469383,3.5706915855407715,3.5303523540496826,3.160008192062378,4.216633319854736,4.358817100524902,3.3503427505493164,2.998182535171509,81553b55070a40d703026faf40a1970552b6f137941f6eb5e0747e065c86bd96
00406,p104,emo_contentment_sentences,5.4,9.292770833333334,w7a8,2.2409145832061768,0.9553407576427422,15.47491093249783,3.4722537994384766,3.4535350799560547,3.1279637813568115,4.177969932556152,4.371796607971191,3.3799047470092773,2.9986703395843506,1e12f91c328b28f1ac8bb6bb74d0589623b4475b2650a36ef738c2f2383032ac
00410,p104,sentences_12_highpitch,3.2,17.395395833333332,noisy,1.075738787651062,0.7594248364620294,0.38583429408633263,3.1466445922851562,4.30580997467041,3.1278364658355713,1.1189789772033691,4.0988664627075195,2.7853052616119385,1.5381672382354736,75d8354b894169c887e232dffb06d2bb0dfbfaad2bdf446ae91511febb26cce2
00410,p104,sentences_12_highpitch,3.2,17.395395833333332,onnx,2.2303977012634277,0.8781959042296913,12.756450001391045,3.1243817806243896,3.9238295555114746,3.7859764099121094,4.448032379150391,4.805169105529785,3.3753199577331543,2.9800567626953125,788c450a6c36dcf393db6c45fea1ec23498fdfb50645ebe76a30f7384a52c4b6
00410,p104,sentences_12_highpitch,3.2,17.395395833333332,fp16,2.2303967475891113,0.878195094867276,12.756055260873252,3.1247146129608154,3.9223623275756836,3.7830352783203125,4.4506025314331055,4.805665493011475,3.37445068359375,2.979881525039673,0fa3d8e2e7f1067e2403276fa4f9f6780d238299fed0502072ca5e8adbb3920c
00410,p104,sentences_12_highpitch,3.2,17.395395833333332,int8,2.2322206497192383,0.8781399517176312,12.760110929243393,3.2094955444335938,3.988787889480591,3.8887643814086914,4.554272651672363,4.830683708190918,3.461215019226074,3.092806816101074,9606fabf0e370a1699cc601b4e7b7d9c9f96a4a0cb73098d10d641252c8ea6e7
00410,p104,sentences_12_highpitch,3.2,17.395395833333332,w7a8,2.237656354904175,0.8796329847549113,12.766915204330449,3.344815969467163,3.8601417541503906,3.7125895023345947,4.448039531707764,4.825999736785889,3.473762035369873,3.086188316345215,a398a21e550764dbeb8d1ab99bdd40f7626a81674fc46a01c2f2e20d11db76c6
00416,p106,rainbow_07_regular,5.6,18.969270833333333,noisy,1.065448522567749,0.8549883501414206,5.567820484658641,3.2873239517211914,3.818359851837158,3.2460575103759766,1.1714047193527222,4.05525016784668,3.3318216800689697,1.920960783958435,e4110c0ae63d84320a236899531b87d85c1880f5954d02f36d9d62cc95f120af
00416,p106,rainbow_07_regular,5.6,18.969270833333333,onnx,2.467892646789551,0.9513604890853748,16.134578434763192,3.4224133491516113,3.687911033630371,3.2503933906555176,4.331711769104004,4.624429225921631,3.378021240234375,2.894458532333374,fe25e70456863c7c248f10297a3f905af285c6356bc0c94f4bbbe3e72bbecb85
00416,p106,rainbow_07_regular,5.6,18.969270833333333,fp16,2.4679012298583984,0.9513593474351952,16.134527217482727,3.4221065044403076,3.687349796295166,3.251573324203491,4.331538200378418,4.623652458190918,3.3782122135162354,2.895430564880371,78efe331f10896b845ac328c6f860fa60f5dfb81bdbfb84497150853d4c5ba60
00416,p106,rainbow_07_regular,5.6,18.969270833333333,int8,2.4685962200164795,0.9510320800459775,16.127976857748934,3.4340908527374268,3.680756092071533,3.2017369270324707,4.33631706237793,4.6308746337890625,3.3862228393554688,2.8934061527252197,4f1917a463f2e9fe3662727e747b4351ade7dc073cc4c48d71c8975e8750bb20
00416,p106,rainbow_07_regular,5.6,18.969270833333333,w7a8,2.4614644050598145,0.9513100449205124,16.103826844360864,3.4560182094573975,3.584613561630249,3.2486824989318848,4.317920684814453,4.556735515594482,3.420123338699341,2.9115686416625977,c55866d9aba0ecb0d8016001dc0182223cabec8aa34290aebc915a3fe3de8062
00440,p102,freeform_speech_01,10.8,12.706479166666666,noisy,1.26930570602417,0.9108317598249211,10.242422352280169,3.3097243309020996,2.764141321182251,2.4167752265930176,1.0721256732940674,4.145389080047607,2.706904411315918,1.5697458982467651,b2366fa918019c10dc2025e1fd2ff944426652a7aedccd00741eae63b4f9f211
00440,p102,freeform_speech_01,10.8,12.706479166666666,onnx,2.385878801345825,0.9615560269554767,16.63289672834576,3.6401455402374268,3.864341974258423,4.061941146850586,4.523695468902588,4.7058868408203125,3.7768166065216064,3.52997088432312,3df4825415cb77e326112f4c15cb70ba1ee71a4567362b8ebb18dcf4d7e4b2fb
00440,p102,freeform_speech_01,10.8,12.706479166666666,fp16,2.385725975036621,0.96155589680966,16.633055598495915,3.6403512954711914,3.8639893531799316,4.061060428619385,4.52403450012207,4.705967903137207,3.776305913925171,3.5302376747131348,22a75da7bcde2525e710851489b8c37fd451fa98f02fea5eaa6d2ed3478208f0
00440,p102,freeform_speech_01,10.8,12.706479166666666,int8,2.388059139251709,0.9614461803253205,16.62050970405117,3.680720329284668,3.8776001930236816,4.041007041931152,4.500031471252441,4.709680557250977,3.8468258380889893,3.559387445449829,640721548231e6d12c98b1c7e2a9033621a74384822fe7d06c47e12a765ccb1e
00440,p102,freeform_speech_01,10.8,12.706479166666666,w7a8,2.371245861053467,0.9614388061852361,16.658412010119548,3.71331787109375,3.9513707160949707,4.1452765464782715,4.557294845581055,4.714629650115967,3.8271265029907227,3.549564838409424,4cfe5279605ee8616ef210131842bd7beb15b8e8d144ff0c515501a7a5d5a629
00452,p103,rainbow_02_loud,1.0,16.925416666666667,noisy,1.0317219495773315,0.697196422945292,-1.2029121337360476,2.635251045227051,4.4075093269348145,2.0788443088531494,1.0190644264221191,3.9069952964782715,2.9390664100646973,1.2983578443527222,9ed85653eb97275ed61b4c11ef46c4dd93d5f439864ad591589cf5fdb63c64c2
00452,p103,rainbow_02_loud,1.0,16.925416666666667,onnx,1.6919338703155518,0.8622755792974304,13.680492808842526,2.999372959136963,3.773216485977173,3.661332130432129,4.379644393920898,4.786133766174316,3.1252377033233643,2.6971569061279297,a582e08843bb98e32398a282de19fd6cb2bcdd0dd98322d1a732d1703fc6ea1f
00452,p103,rainbow_02_loud,1.0,16.925416666666667,fp16,1.6919708251953125,0.8622553447860315,13.680362750311634,2.9985108375549316,3.7731728553771973,3.659240484237671,4.380185127258301,4.785610198974609,3.1251320838928223,2.6964221000671387,0f9d205e629d1812523e7010f541246e5936a4131a6ae517927dd0e7a8b754f8
00452,p103,rainbow_02_loud,1.0,16.925416666666667,int8,1.6936213970184326,0.8618254373979832,13.66303031153032,3.0344793796539307,3.7560129165649414,3.575718641281128,4.3460540771484375,4.781878471374512,3.0551583766937256,2.6760287284851074,9d3a4f30f067d28bafa3c99aee665c07dfcc3fc0bfeb4747abc406a3acae6f0f
00452,p103,rainbow_02_loud,1.0,16.925416666666667,w7a8,1.686763048171997,0.8622804490012376,13.660593141391635,2.9588959217071533,3.844254970550537,3.5661168098449707,4.332009315490723,4.845517158508301,3.0061779022216797,2.637608051300049,2a3eabe7a1bc585505e1b1dd4b742ac29fc3bd17a84fbf5ac7607d58a3780ef9
00454,p107,rainbow_08_loud,3.6,21.397458333333333,noisy,1.1058692932128906,0.770599119339806,3.5217630385129373,3.0163733959198,3.2944579124450684,2.947190284729004,1.0354419946670532,3.8843984603881836,3.1735732555389404,1.4551442861557007,0c18bf8a8f6588044b02861f44692e111eea2147901084e5be275c390969cca3
00454,p107,rainbow_08_loud,3.6,21.397458333333333,onnx,2.2196977138519287,0.9231788422950891,13.111314831325064,3.289841651916504,3.7802114486694336,3.42142391204834,4.399224281311035,4.777482032775879,3.6238021850585938,3.257965087890625,004230c16d05f424786fe15a438f7296e2becd697b955a76b16f43606ad3858e
00454,p107,rainbow_08_loud,3.6,21.397458333333333,fp16,2.2196149826049805,0.9231811941581208,13.111126443869665,3.29093074798584,3.7803385257720947,3.421261787414551,4.3986496925354,4.777615070343018,3.624938726425171,3.2584896087646484,2ca40e77dd55985bc6d607facb7958ef82fc6a1f09697a80e26703498e5b5886
00454,p107,rainbow_08_loud,3.6,21.397458333333333,int8,2.2250518798828125,0.9228616551034658,13.098072529144115,3.277125597000122,3.8026680946350098,3.3563692569732666,4.432301998138428,4.78359842300415,3.5978264808654785,3.2361390590667725,44582dc98382719cc373a0b77c1d0cbfc65ab3f0bf56a8f2931bc965dc25cbd9
00454,p107,rainbow_08_loud,3.6,21.397458333333333,w7a8,2.2112784385681152,0.9231855884837897,13.101460301269505,3.4287919998168945,3.8000059127807617,3.4413485527038574,4.357447624206543,4.816465377807617,3.615229845046997,3.182626724243164,9a497d8d184b54588076d9548aa7d1c44374b4e27cb0ac063ec2220a086023f6
00513,p103,emo_interest_freeform,11.2,12.725395833333334,noisy,1.1919589042663574,0.8955059352652384,8.344770712375622,3.291494369506836,2.878483772277832,3.2937722206115723,1.3890641927719116,4.635749816894531,3.3479626178741455,2.122391939163208,d8ce2b2e507ed63a0512e63b758b60bad9fe9b8a8883f81ade2f9474a11c588a
00513,p103,emo_interest_freeform,11.2,12.725395833333334,onnx,2.9953274726867676,0.9600405904392197,19.773429810036475,4.055185317993164,4.230777263641357,4.00307559967041,4.478707313537598,4.75693941116333,3.9996254444122314,3.5458948612213135,b044ad5f3f787e86cccdeeb097a74ce58ab47d53208e43dd101c1a9646081087
00513,p103,emo_interest_freeform,11.2,12.725395833333334,fp16,2.9953103065490723,0.9600403717181494,19.773096019924857,4.053839683532715,4.230398178100586,4.003640174865723,4.478901386260986,4.756914138793945,4.000003814697266,3.54655122756958,dd83b26d4f32d904e5b319f1cd0c0b219465b3edd61768b118af5f9036910a79
00513,p103,emo_interest_freeform,11.2,12.725395833333334,int8,3.013381004333496,0.9599564519110639,19.76985964862571,4.043276786804199,4.231956481933594,4.055554389953613,4.469913482666016,4.760190486907959,4.00800895690918,3.542468786239624,448d235b83bb3eba410e9bfb9b2ffcf629595fa3dfe075f5022afdd7c6661dc9
00513,p103,emo_interest_freeform,11.2,12.725395833333334,w7a8,2.997326374053955,0.9599703111082668,19.781979298622893,4.057523727416992,4.237747669219971,4.033896446228027,4.443787574768066,4.752586364746094,4.025880813598633,3.5937602519989014,9dcd7b983e268b8194a6f2ce060e6831b39d37b797ee9a8305703bd97dd3caea
00514,p105,sentences_01_whisper,15.6,17.576020833333335,noisy,1.219802737236023,0.9823048807012008,11.318051662253213,3.215456962585449,3.5280253887176514,2.892721652984619,3.801523447036743,4.572243690490723,2.9914307594299316,2.743607521057129,c2fc78ccbc903982db94bcbc213de93cbc473dc13a3478880ce7b419a11ffdb4
00514,p105,sentences_01_whisper,15.6,17.576020833333335,onnx,2.9626543521881104,0.984449281788477,14.423759727067399,3.7955198287963867,4.607590675354004,2.630983591079712,4.900782108306885,4.885209083557129,3.488027572631836,2.9782421588897705,244f8649631267a71652aecd04e87f79c33d907a38baaeeb5d4e2f7b9a3493a7
00514,p105,sentences_01_whisper,15.6,17.576020833333335,fp16,2.9626152515411377,0.9844481501161154,14.420787864697955,3.7944846153259277,4.608095169067383,2.6309432983398438,4.900815010070801,4.885255813598633,3.487044095993042,2.977198600769043,492d9f5d71a94a18fed738112e502c24d8a5ab488d7e1e6637bef157d30db20d
00514,p105,sentences_01_whisper,15.6,17.576020833333335,int8,2.9533746242523193,0.9844401624380723,14.42138447975027,3.7950682640075684,4.643535137176514,2.676973819732666,4.9070611000061035,4.885104179382324,3.489232063293457,2.9922969341278076,1e86ad2646e4f46d3623b1d40c6f8482499a5182acf047468fabd9477b0504df
00514,p105,sentences_01_whisper,15.6,17.576020833333335,w7a8,2.9791266918182373,0.984368153097607,14.439826250136187,3.871300220489502,4.595916271209717,2.4694557189941406,4.875115871429443,4.858162879943848,3.5185203552246094,2.9342880249023438,41ffda4944918001b09840492f965a364d44ebbf7d84c6e72eefd71e40ca5572
00517,p103,sentences_01_lowpitch,3.0,20.787604166666668,noisy,1.1024067401885986,0.6887151836552089,-0.9889604827621173,3.103076696395874,4.0097856521606445,2.812509059906006,1.0226507186889648,4.188386917114258,2.9731574058532715,1.6158783435821533,8e415aed0327386c3d474d574c6a3525e75b0a268bd0fbbc4f35fb6cd60604d2
00517,p103,sentences_01_lowpitch,3.0,20.787604166666668,onnx,2.350949287414551,0.8751043556842636,12.7616531637788,3.4815139770507812,3.3768136501312256,3.242457628250122,4.203411102294922,4.006045341491699,3.405362606048584,2.931589126586914,6c822b50c9b56f06a50065558f31e7d5f5bd2995619e3d0210a1923ba4601c16
00517,p103,sentences_01_lowpitch,3.0,20.787604166666668,fp16,2.3509573936462402,0.8751060046045399,12.76261791910291,3.481170892715454,3.376066207885742,3.240497589111328,4.202969551086426,4.004713535308838,3.405927896499634,2.9318275451660156,8c1bc84982a282cea024faae7287bc469fda407abab0478e3433d1d5d212f4ab
00517,p103,sentences_01_lowpitch,3.0,20.787604166666668,int8,2.342738389968872,0.8737368822373234,12.699832811744127,3.4342925548553467,3.356088638305664,3.2381603717803955,4.216189384460449,4.045410633087158,3.35758376121521,2.895904064178467,04192f701e94bb2e4a1e4a959b40d298a203b26e2cc45a3a6f8d18add11ff6fd
00517,p103,sentences_01_lowpitch,3.0,20.787604166666668,w7a8,2.349842071533203,0.8766883538691822,12.796438814200911,3.601611614227295,3.397118330001831,3.2861454486846924,4.282329559326172,3.84552001953125,3.349858522415161,2.8831276893615723,280d96ff9e13bba9ef5abc91e80299bed341b7a34a9394da8dd76738a9c4a227
00519,p107,emo_adoration_freeform,8.6,12.7938125,noisy,1.2058833837509155,0.728382966481897,7.832222043693039,3.5747411251068115,3.6452462673187256,2.8871588706970215,1.1356927156448364,4.488094329833984,2.8503308296203613,1.7950756549835205,ef64b281c5b336780f06336f6a83ca1ea87c67c87d5a994d2308a156401efe0c
00519,p107,emo_adoration_freeform,8.6,12.7938125,onnx,1.9181753396987915,0.8353493348476484,16.243981021518206,3.574815273284912,3.5478546619415283,2.723356246948242,4.592816352844238,4.568050861358643,3.355696439743042,2.9036264419555664,561e817c163fc3d598cfeed3e960c1850761c979e843fe1bee7577179ccd5617
00519,p107,emo_adoration_freeform,8.6,12.7938125,fp16,1.9181256294250488,0.8353565805013999,16.24393727057396,3.5755934715270996,3.548283576965332,2.723832607269287,4.5939531326293945,4.569032669067383,3.3557307720184326,2.9035403728485107,a098602daa6f601660c4f56e7f99db7a756d6897a00f46ce489186e55a2dcd11
00519,p107,emo_adoration_freeform,8.6,12.7938125,int8,1.9282052516937256,0.8357133457310427,16.22023148370612,3.5710043907165527,3.5263876914978027,2.7193918228149414,4.660730838775635,4.62518310546875,3.3420395851135254,2.90580415725708,9447b6ebe493503c95dc23f6d621d3a21c5e29c997e64c8568abceec0e511118
00519,p107,emo_adoration_freeform,8.6,12.7938125,w7a8,1.918063759803772,0.8345612842725022,16.240359972661764,3.523280143737793,3.5608115196228027,2.75809383392334,4.602082252502441,4.641820430755615,3.3631460666656494,2.949704885482788,955c80d5c29db26b13e1aa870983b9934de6c53421d53289a540deb2dea7baba
00523,p105,rainbow_02_loud,6.3,17.359354166666666,noisy,1.199640154838562,0.8357271731437654,4.811008056756622,3.148493528366089,4.005763530731201,3.2444872856140137,1.5064568519592285,4.273109436035156,2.950939655303955,2.0802836418151855,7dbdc3a2dfa694c9f978e189b49f2a1f772f75ad44060414a30162007491ff93
00523,p105,rainbow_02_loud,6.3,17.359354166666666,onnx,2.229970932006836,0.9449903663934012,12.702656547484779,3.9156951904296875,4.229053497314453,3.9771552085876465,4.9215168952941895,4.61552095413208,3.9357452392578125,3.3079476356506348,2187480c8d622013819cf0842a2d1b461cd0efd365148d6895596523c45a1f32
00523,p105,rainbow_02_loud,6.3,17.359354166666666,fp16,2.230015277862549,0.9449883344110119,12.702321185101999,3.9133412837982178,4.229465484619141,3.9795126914978027,4.921591281890869,4.615082263946533,3.935713768005371,3.3082926273345947,d99ad05745d36285470c3ce046da28ab9d95d40cf271734f5ac7606387530b4c
00523,p105,rainbow_02_loud,6.3,17.359354166666666,int8,2.233686685562134,0.9446298744168145,12.692986638995475,3.940855026245117,4.201873779296875,3.9640910625457764,4.9096903800964355,4.597448825836182,3.953540325164795,3.320172071456909,3124b18e4c50fd8e40a4e6deb11348594463ad0fc4a53acb43c30e5465216941
00523,p105,rainbow_02_loud,6.3,17.359354166666666,w7a8,2.223742961883545,0.9452831593799198,12.69750339305592,3.650853157043457,4.043325901031494,3.9691672325134277,4.891299247741699,4.50306510925293,3.8990061283111572,3.2077627182006836,f773d123a8558d30a28f94d7fa55ecba96b8bb5c7c61332409f27a318b1fa70d
00525,p103,emo_desire_sentences,9.2,16.045708333333334,noisy,1.1804393529891968,0.840577547398533,7.369996930370499,3.4223663806915283,3.5639190673828125,3.1517043113708496,1.1022447347640991,3.9368433952331543,3.2706973552703857,1.7827022075653076,3c29617f52f7cea4eec17326771c2fccf9b3ac5550f069536d49c283c050f0ee
00525,p103,emo_desire_sentences,9.2,16.045708333333334,onnx,1.9527349472045898,0.9000075467279626,13.4724496238575,3.1669912338256836,3.6742732524871826,3.5059728622436523,4.115251541137695,4.631278038024902,3.757783889770508,3.0877602100372314,2c4b77e1f072167c5ca18bd986dad177fb8e0ff6c8efb93988baf78c97068dfb
00525,p103,emo_desire_sentences,9.2,16.045708333333334,fp16,1.9527097940444946,0.8999480657820662,13.465014733767216,3.166792154312134,3.6718790531158447,3.5045831203460693,4.115963935852051,4.630675792694092,3.756314754486084,3.086207389831543,7bb8c39ab1b2b5f6515795bf9da5b55ddb0034a9097ab86e739f8a0e92e87770
00525,p103,emo_desire_sentences,9.2,16.045708333333334,int8,1.9911489486694336,0.8993576150181521,13.369000965569139,3.1136021614074707,3.631381034851074,3.4925265312194824,4.090482711791992,4.641538619995117,3.6962223052978516,3.0608930587768555,1854008cbd9d3f9af9ecadb495a654a943202315282cc61330df49c953cc00c5
00525,p103,emo_desire_sentences,9.2,16.045708333333334,w7a8,1.9898912906646729,0.9001016147433577,13.676974705296214,3.117384195327759,3.81889009475708,3.6420745849609375,4.211069107055664,4.648105621337891,3.781494379043579,3.0922555923461914,875d21c9e9cb46b901a0d2def6fc5fd3f8a1b424d339e26a683f0574a5a83866
00555,p104,emo_embarassment_sentences,13.4,12.944645833333333,noisy,1.2830442190170288,0.9254221500156075,9.602173360481359,3.2896766662597656,3.575406551361084,3.0668842792510986,1.8618007898330688,4.397275924682617,2.8173985481262207,2.27811861038208,6a0b0ab0bd55128327f20ed3e0de711a9a84ef9d96dc0fae80e3f66af623ba3c
00555,p104,emo_embarassment_sentences,13.4,12.944645833333333,onnx,3.350029468536377,0.9740644902876247,22.886841713423188,3.8681130409240723,3.58124041557312,3.5418548583984375,4.139180660247803,4.614842414855957,3.704197406768799,3.3352932929992676,717bc53844b14138fda1c16679ba7d646e4e7ae075e01e500f779119fa719c98
00555,p104,emo_embarassment_sentences,13.4,12.944645833333333,fp16,3.349936008453369,0.9740624898478561,22.88617337154999,3.8689188957214355,3.580592155456543,3.5421957969665527,4.140448570251465,4.615322589874268,3.704435110092163,3.335524082183838,8c7f5e940aa25e9e295d12bd45f0ef63f3164f4c0d56aa2fe132fdc2bec51912
00555,p104,emo_embarassment_sentences,13.4,12.944645833333333,int8,3.353449583053589,0.9739285668284426,22.878106697271132,3.847935438156128,3.6081767082214355,3.535902976989746,4.174208641052246,4.657244682312012,3.6454336643218994,3.305461883544922,34d7a9ddbe081304b11d1b14d76b8f55caf824591e1f8b70aed50e1c20c0ecea
00555,p104,emo_embarassment_sentences,13.4,12.944645833333333,w7a8,3.3411877155303955,0.9741710536593937,22.799681340114617,3.853576421737671,3.6280808448791504,3.5716946125030518,4.208075523376465,4.616001605987549,3.546194553375244,3.2621500492095947,e5ae9e7c580fd97afdbf81df3e3059d5ceb66d35bd279478caa059bf61e135ef
00568,p106,freeform_speech_01,12.2,11.033604166666667,noisy,1.3894296884536743,0.920847133067145,11.41719568742861,2.958364725112915,3.639444351196289,2.59513521194458,2.857123851776123,4.477017402648926,2.9066083431243896,2.1057653427124023,2a68eae00f8a888308fd344b120a28c9c06e73415311e056b4ab579d893c5394
00568,p106,freeform_speech_01,12.2,11.033604166666667,onnx,2.6949641704559326,0.9656606854221413,17.636715844859253,3.4084312915802,4.009047508239746,2.9584126472473145,4.3986005783081055,4.558012008666992,3.791820526123047,3.286808967590332,ba09878bd8a2888c7ec0b6cb765057f9e2eb10b6a7d3fdbc714ab97120009bb3
00568,p106,freeform_speech_01,12.2,11.033604166666667,fp16,2.694046974182129,0.9656579470421499,17.637147203172066,3.406282424926758,4.0076003074646,2.9591846466064453,4.398368835449219,4.558658599853516,3.7895867824554443,3.2851150035858154,6fd2ed411f0da30bb81ddd7674ebb826cc061ef476db609e6805ca1cc2e1d0f0
00568,p106,freeform_speech_01,12.2,11.033604166666667,int8,2.6805999279022217,0.9656022165516954,17.567837429559244,3.3952417373657227,4.030621528625488,2.930790424346924,4.396773815155029,4.595182418823242,3.802990198135376,3.2846758365631104,c645e78f592ad8fb64cdb72cac5bba03ed64ee5384ac0e1da3b52bac54bd3ba0
00568,p106,freeform_speech_01,12.2,11.033604166666667,w7a8,2.717879056930542,0.9655210739077612,17.655978929998085,3.517458438873291,4.099523544311523,3.0529634952545166,4.42031717300415,4.567529678344727,3.89744234085083,3.3759207725524902,0e6e675d7ee3023e612c6cccf7a76bd2b591cb4b7ebd618c1e924048eb0e4cab
00603,p103,rainbow_02_highpitch,6.7,14.124083333333333,noisy,1.0477662086486816,0.6660350824519716,5.1304520325034275,2.7614622116088867,4.289402008056641,2.3478500843048096,1.0055623054504395,4.339631080627441,3.03200626373291,1.3056211471557617,a46fedb20194a3a2d4988caa62e6e25a1a83ed790bc8442713006d18d8cd5342
00603,p103,rainbow_02_highpitch,6.7,14.124083333333333,onnx,2.267677068710327,0.757481067989695,15.71751182803152,2.5802104473114014,3.9546585083007812,2.280853271484375,4.0049662590026855,4.290750980377197,2.7287726402282715,2.17370867729187,52910380d2cba27cc363a2de15b6a928f4a36611096f815962625b9eac86cf87
00603,p103,rainbow_02_highpitch,6.7,14.124083333333333,fp16,2.2679688930511475,0.7574813742338333,15.71651400903736,2.5814225673675537,3.9533944129943848,2.279052734375,4.004436492919922,4.288182258605957,2.7308461666107178,2.1746842861175537,60d27488445c8ff6c36a16e7fb4b84e9ad7a73455bb6da9c58d241d4afdb0818
00603,p103,rainbow_02_highpitch,6.7,14.124083333333333,int8,2.2749483585357666,0.7575332253686282,15.562233369538141,2.502772092819214,4.048121452331543,2.305269241333008,4.012791156768799,4.2962212562561035,2.687924861907959,2.1488404273986816,2bfb08080c8724208ec008f73b9e8213b6413fae4c28f80e424c9920b654469c
00603,p103,rainbow_02_highpitch,6.7,14.124083333333333,w7a8,2.2576675415039062,0.7593294544547333,15.847633166348187,2.5975887775421143,4.025778770446777,2.491781711578369,3.9201226234436035,4.337815761566162,2.769345283508301,2.315225601196289,25ac02d532c6b0540e1adb0d617782e9364445a183b6677bfdf2623835d9b902
00628,p107,sentences_19_regular,5.0,12.388604166666667,noisy,1.0930664539337158,0.7723585728612419,4.821901510108088,3.3045859336853027,3.904139995574951,2.3682212829589844,1.0355130434036255,3.916072368621826,2.367321729660034,1.4894132614135742,08e5e9ada375095b90584aad318d0ea2720e641779dec6608f4df3a6f7904be6
00628,p107,sentences_19_regular,5.0,12.388604166666667,onnx,1.895528793334961,0.9123723251841562,14.05795886070348,3.436218738555908,3.084886312484741,2.3194386959075928,4.428887367248535,4.649957180023193,3.1790096759796143,2.495349645614624,c6f93177f69f34e396355990f927075cb3dc362bbe1efa06b1418b194f66bad7
00628,p107,sentences_19_regular,5.0,12.388604166666667,fp16,1.8955333232879639,0.9123643772233299,14.057697687025303,3.434401512145996,3.0842626094818115,2.318962574005127,4.429264068603516,4.649672508239746,3.179668426513672,2.4962997436523438,abc5ab17123882bc883539311ef196d2943ad1656b9df9d20a38cdce6c746fd5
00628,p107,sentences_19_regular,5.0,12.388604166666667,int8,1.903924822807312,0.9122818610892799,14.044865670288322,3.4634604454040527,3.035306692123413,2.31227707862854,4.413267135620117,4.652232646942139,3.22939395904541,2.5536975860595703,7270c6ff90e9fa72b3e79f76c8d1aa49d1c8f02065bfb937216db46d12b31364
00628,p107,sentences_19_regular,5.0,12.388604166666667,w7a8,1.8859914541244507,0.9119152822180892,14.021956233215544,3.4837474822998047,3.060667037963867,2.285996437072754,4.383867263793945,4.643479824066162,3.339949131011963,2.6471002101898193,3979af651fb4552e1856279798e0881036da6535164aedea19e2526b0797d402
00647,p103,emo_confusion_freeform,11.9,14.086083333333333,noisy,1.2373461723327637,0.9194090099326602,10.390096253345916,3.598567008972168,3.7145326137542725,3.5061700344085693,1.3827112913131714,4.272181987762451,3.3133275508880615,2.3552045822143555,8892f6aca16b0c098f52110ed321e510869cc2e0b25d613c159d556bfdfc5cf6
00647,p103,emo_confusion_freeform,11.9,14.086083333333333,onnx,2.972029685974121,0.9733323709885938,19.832547747108556,3.98089861869812,3.9190778732299805,4.279425621032715,4.7532219886779785,4.873926162719727,4.116176128387451,3.78765606880188,780d49ec6818a844ee3f4726fa32e66061ce65009aab3b22a318d0e0586bbdd6
00647,p103,emo_confusion_freeform,11.9,14.086083333333333,fp16,2.9721291065216064,0.9733318564353121,19.831957062342298,3.9820215702056885,3.918696880340576,4.278754234313965,4.753817558288574,4.874332904815674,4.116423606872559,3.7876129150390625,cc9e4124424cde992e9fde71dec2308071ccd2bd80e0b281c8ca5e2c8d207631
00647,p103,emo_confusion_freeform,11.9,14.086083333333333,int8,2.969325065612793,0.9732829184645115,19.827798527889062,3.99161696434021,3.9545414447784424,4.326082706451416,4.778730392456055,4.874475002288818,4.079587936401367,3.7672414779663086,b984077d98e247395fa934b1c1a28b727e384f5a64568fb0eecb9a5dbaeae6c0
00647,p103,emo_confusion_freeform,11.9,14.086083333333333,w7a8,2.9689407348632812,0.973222622821971,19.80836906296186,3.9976277351379395,3.8415441513061523,4.326028347015381,4.729138374328613,4.8913893699646,4.1259355545043945,3.7790112495422363,a50e1efcb30e9c4d0473858709f4292f937e3894a8d2406c4760dacccdcbae73
00695,p105,emo_extasy_freeform,14.5,12.057520833333333,noisy,1.793097734451294,0.92454337841622,11.136558761666372,2.635965347290039,3.436953544616699,3.421658515930176,1.3928619623184204,4.298563003540039,2.5845787525177,1.831822156906128,c9e30646d9f9d35d8e314e9d7015c94fef49562e9eb71ef452cc02f19eb1451f
00695,p105,emo_extasy_freeform,14.5,12.057520833333333,onnx,2.8558402061462402,0.9613131150732546,18.39023129503682,4.035726547241211,3.969188690185547,3.5785069465637207,4.364939212799072,4.400808811187744,3.427222728729248,3.200524091720581,805ed99f47a809d8014410fa5ef93eb46c1b6c4aa4b1da0727568f651db98bd4
00695,p105,emo_extasy_freeform,14.5,12.057520833333333,fp16,2.855806589126587,0.9613098375811983,18.389502394064866,4.034948825836182,3.9692633152008057,3.5783164501190186,4.364657402038574,4.401294708251953,3.426769733428955,3.2001543045043945,61f7761f6fa1edb2cdb4a50c7780d8bafe10bb698f7a30a3d8e0e753acd61dc6
00695,p105,emo_extasy_freeform,14.5,12.057520833333333,int8,2.8476827144622803,0.9611994986897143,18.38807111976571,3.993612051010132,3.980755090713501,3.598540782928467,4.386291980743408,4.382870674133301,3.3930296897888184,3.151703357696533,d50b123d22852b356d63f1e0dbea61cfb17e08705a1db5313b8b90b428cd744c
00695,p105,emo_extasy_freeform,14.5,12.057520833333333,w7a8,2.8608694076538086,0.9610413297625411,18.35351145446134,4.039392471313477,4.049350261688232,3.5595264434814453,4.401122093200684,4.464542865753174,3.4708611965179443,3.2189810276031494,91ec0294e95961fecb21981dcd2829610d42943b5a546ef1bbaafb5e96ddba63
00725,p107,emo_disgust_freeform,13.5,11.935625,noisy,1.866276502609253,0.8505973838176943,9.73771610286333,3.4453177452087402,3.043693780899048,2.985243320465088,1.8336976766586304,4.021165370941162,3.6427760124206543,2.8571085929870605,cb6b638f283ce48a7292e577b0b948ad2b720ecf3d40ae79fe69a13439c1936c
00725,p107,emo_disgust_freeform,13.5,11.935625,onnx,2.9719173908233643,0.9278847777256233,18.909545691487736,3.179548501968384,4.273680686950684,3.6015539169311523,4.492441654205322,4.214382648468018,3.0691933631896973,2.8106038570404053,478166ff793cbf2c840e0300e770731579d569c49b3908ec33bd43e2c588b29f
00725,p107,emo_disgust_freeform,13.5,11.935625,fp16,2.9719252586364746,0.9278799966044794,18.909396957355227,3.179630756378174,4.273917198181152,3.601930856704712,4.492913722991943,4.21535587310791,3.0690066814422607,2.810765504837036,daa83392a81f3a9b47e4dbec23a894b82f3f326f6e0c416fb51c77e9cb6d78ad
00725,p107,emo_disgust_freeform,13.5,11.935625,int8,2.9611051082611084,0.9273541623183652,18.878206299859116,3.185638666152954,4.223544120788574,3.5750856399536133,4.47199010848999,4.193004131317139,3.062297821044922,2.7850821018218994,738528ccf2229af8ea9e2a72aacf3364776b292504c8fae33970f928a4ef5d93
00725,p107,emo_disgust_freeform,13.5,11.935625,w7a8,2.9690988063812256,0.927102520267496,18.823017186549233,3.098078727722168,4.320006370544434,3.512204885482788,4.505336761474609,4.308443069458008,3.0249741077423096,2.762695550918579,102db6313e22e7eb55946db04e785234b5f9addd7f79ec24106761307abd9e39
00729,p106,emo_distress_sentences,8.8,12.003166666666667,noisy,1.1702377796173096,0.8863038313653754,7.188656764304866,2.689089775085449,3.4326670169830322,3.1964128017425537,1.1275737285614014,3.6960549354553223,2.907979726791382,1.686916470527649,6c24b945006d247917e41b8e5bae0c66466e45c7fd2417db3486159661a2426c
00729,p106,emo_distress_sentences,8.8,12.003166666666667,onnx,2.5614089965820312,0.9650631526698433,17.340703655333073,3.6179332733154297,4.282639026641846,3.6838479042053223,4.609667778015137,4.641584396362305,4.278148651123047,3.743774890899658,b944d9c51226c770ec0989856d09411b4b13b7336fe5341d939fe7c5235a62ef
00729,p106,emo_distress_sentences,8.8,12.003166666666667,fp16,2.5615267753601074,0.9650628536085323,17.340900223386626,3.6189379692077637,4.2816877365112305,3.6826364994049072,4.609370708465576,4.641671657562256,4.279314994812012,3.74540638923645,fc7e836b338b2c1c1a22886689e3aa4b123d1b827f123bb03afedfbadee7431c
00729,p106,emo_distress_sentences,8.8,12.003166666666667,int8,2.565626621246338,0.9651148383453835,17.35522871648167,3.589144468307495,4.272398471832275,3.707035541534424,4.587467670440674,4.646017551422119,4.24118709564209,3.722191095352173,920aa1f025f72332a8240160bd4c2975a8e6ddaf3d9f79901dfe515244cd6a7f
00729,p106,emo_distress_sentences,8.8,12.003166666666667,w7a8,2.5407495498657227,0.9647418092802846,17.280241782408527,3.596374988555908,4.282937049865723,3.700169563293457,4.526723861694336,4.546405792236328,4.159239768981934,3.626096248626709,e9ead47794bc2027ba9f92eb18bb2a366acc64efdcfe0dfeec878483d640eb51
00749,p104,sentences_02_regular,-2.1,19.154729166666666,noisy,1.0619440078735352,0.6560816894371665,-4.1094040635495555,3.158708095550537,4.633121490478516,2.6049835681915283,1.1327966451644897,3.827788829803467,2.945000648498535,1.5367258787155151,89f8a01a29d5242275f027ac223df8599a675da4309990de823cee93543a58a9
00749,p104,sentences_02_regular,-2.1,19.154729166666666,onnx,1.5383507013320923,0.8170048874898743,7.479168803324655,3.404881715774536,2.9442830085754395,3.6606392860412598,4.631434440612793,4.545884132385254,3.140554904937744,2.766096830368042,d0aa16bb629f7ae99456c2221a989d063933d8d609c10d3b6d83df503204730c
00749,p104,sentences_02_regular,-2.1,19.154729166666666,fp16,1.5383896827697754,0.8169977423140602,7.4787920778854815,3.4044618606567383,2.943636417388916,3.659506320953369,4.63149356842041,4.544660568237305,3.139331817626953,2.7652981281280518,3d56b6262f5ae8f79839a350ead6ed0e47676577ecac2e62dcc39afb6e3d310c
00749,p104,sentences_02_regular,-2.1,19.154729166666666,int8,1.5378262996673584,0.8163826198532337,7.473040600347778,3.3806252479553223,2.880253553390503,3.726632595062256,4.599008560180664,4.545332908630371,3.234070301055908,2.8350327014923096,7d3a2e8003370846eedea18cf8cae3631d41b9bdebc4ce9c3b6c0c921de883da
00749,p104,sentences_02_regular,-2.1,19.154729166666666,w7a8,1.5374126434326172,0.8178852983369498,7.500229863544806,3.3660733699798584,2.909651041030884,3.5698344707489014,4.494254112243652,4.477458953857422,3.0463690757751465,2.66374135017395,a7bb8a2244b7aa0b7c86f815f5a62cc8b34603f566c076ec34a23cb4ddae0338
00766,p102,sentences_20_regular,3.2,12.345604166666666,noisy,1.1025793552398682,0.8146176783069521,0.046776999455398496,3.566744327545166,3.5646188259124756,2.8650877475738525,1.1721876859664917,4.053847312927246,2.5899574756622314,1.5858960151672363,142376a3a26df0f695d060dcd6c95a05ab733a6857ca4823938b5a200fd8dd65
00766,p102,sentences_20_regular,3.2,12.345604166666666,onnx,1.9840476512908936,0.9459197765622526,11.177817100920874,3.704059362411499,4.57555627822876,4.187667369842529,4.793810844421387,4.736258506774902,4.149685859680176,3.754157066345215,1aa141a5b25bea3932452905844d9ff5163abc17a33f5275535e48f170767c82
00766,p102,sentences_20_regular,3.2,12.345604166666666,fp16,1.984002947807312,0.945926164247558,11.178019689837146,3.7057840824127197,4.574659824371338,4.188112258911133,4.7939581871032715,4.73763370513916,4.150210857391357,3.756115436553955,ed802de5dcf3854a47233a9e6925e893374d9a1aa836ae036e72b4c35cc224d8
00766,p102,sentences_20_regular,3.2,12.345604166666666,int8,1.9888359308242798,0.9457890451373626,11.172936371430723,3.681692123413086,4.610989570617676,4.180253505706787,4.799989223480225,4.774991035461426,4.245969295501709,3.826066493988037,0f19ca1971eec0d07c63210106295d8973bb07d63486cb0635ed8e7a9d22c40a
00766,p102,sentences_20_regular,3.2,12.345604166666666,w7a8,1.9713103771209717,0.9454804714453479,11.151177513250339,3.6359710693359375,4.547983169555664,4.0068464279174805,4.80314826965332,4.726836204528809,4.200395107269287,3.746305465698242,7e9d97a47dcb3ab2ffea531e7ccd7b43defd22702b18bf767304a1f896ac84c2
00794,p104,rainbow_02_slow,16.7,20.0439375,noisy,1.356131911277771,0.9450675237517419,15.07764764679595,2.949106216430664,3.5618903636932373,3.3531813621520996,2.348036289215088,4.297500133514404,3.597510576248169,2.7950620651245117,db65a35213ab0389ebedc193bf76e13c3e7dc755fd7b6fced54f9219234da87c
00794,p104,rainbow_02_slow,16.7,20.0439375,onnx,3.3820674419403076,0.9859868555027606,23.84166434436721,3.06160306930542,3.6796886920928955,3.3601200580596924,4.443896293640137,4.642570972442627,3.2743990421295166,2.9658758640289307,e32cd3d8169f3873a207dde7dc84d812cc8da60e8ffba8c223f214120c743f66
00794,p104,rainbow_02_slow,16.7,20.0439375,fp16,3.3821017742156982,0.9859858069423459,23.841073518477288,3.0629003047943115,3.679898500442505,3.359774351119995,4.44378137588501,4.642144203186035,3.2736403942108154,2.9656946659088135,76a6ee4928eea67f6ed2f4ce0c6ec178bd4758dd018fe535e2ee8ee99091181a
00794,p104,rainbow_02_slow,16.7,20.0439375,int8,3.3809406757354736,0.9859557467976366,23.796670145243596,3.1321322917938232,3.6590614318847656,3.4100494384765625,4.441382884979248,4.6590986251831055,3.255622386932373,2.938572883605957,7ea70b8f31d1c034a1b70b9a20a89d5243de096d13d0f6243cbaa93dfc0753e4
00794,p104,rainbow_02_slow,16.7,20.0439375,w7a8,3.3749935626983643,0.9856988215617147,23.803635288883633,2.986542224884033,3.822059154510498,3.3765861988067627,4.470794677734375,4.646228790283203,3.3411264419555664,2.999220848083496,fa010081ae0a97ed3c17a7b9ba99848d23d605bd7fb265d6f51b10c73ec9e108
00829,p102,emo_cuteness_sentences,16.3,7.386979166666666,noisy,1.3544381856918335,0.8555533517400408,14.985517624591282,3.1545727252960205,3.825660228729248,3.0896151065826416,1.4128073453903198,4.124182224273682,3.1623952388763428,1.9993178844451904,8a931cf93f9216b9e49db68ce9729bf3f629ef556c771fcb6a92bcc4821ad8c7
00829,p102,emo_cuteness_sentences,16.3,7.386979166666666,onnx,3.161588191986084,0.9137124191413253,22.197581501698398,3.615445375442505,3.8363537788391113,3.4978084564208984,3.7073025703430176,4.387778282165527,3.2695274353027344,2.8215603828430176,ee2b25195f6e84778b6b9505a23571c4c28d31153c19f87740760d2fcb85dc1c
00829,p102,emo_cuteness_sentences,16.3,7.386979166666666,fp16,3.1615285873413086,0.9137036920854883,22.19718211677654,3.6165807247161865,3.837705612182617,3.4964256286621094,3.7061924934387207,4.389640808105469,3.2697010040283203,2.821504592895508,543d11bf7c4f6bc10cf4ba773d84c90878f6d81d27b2ef82c3a2bd4d779819ae
00829,p102,emo_cuteness_sentences,16.3,7.386979166666666,int8,3.1578493118286133,0.9133202531666268,22.223788840096464,3.6718735694885254,3.7855019569396973,3.4992382526397705,3.680387496948242,4.299231052398682,3.253915548324585,2.8218116760253906,ec0e0aac288bd72b657687df48c6b3e3e37c0c477d68163b139c48bea0d44dae
00829,p102,emo_cuteness_sentences,16.3,7.386979166666666,w7a8,3.1400530338287354,0.914054863556818,22.090717850165046,3.512798309326172,3.7951979637145996,3.506718397140503,3.6361072063446045,4.291790008544922,3.2764642238616943,2.80242657661438,621c1d35445c396ec75e53751bd6926fb3d1c780f4cb95b6327e2497201e7a82
00843,p106,sentences_16_regular,-2.0,12.124895833333333,noisy,1.0401597023010254,0.663735269465502,-3.6896607674048654,2.8473265171051025,3.8106608390808105,1.7924740314483643,1.0240651369094849,3.799794912338257,2.5890583992004395,1.3787505626678467,f79af76a03031bd0488432818cf27b08bc218265e5515242c8930e3b53766a27
00843,p106,sentences_16_regular,-2.0,12.124895833333333,onnx,1.4610023498535156,0.8807878155998978,9.021305748706025,3.0468242168426514,3.090911388397217,2.5772294998168945,4.146956443786621,4.704974174499512,2.846468448638916,2.462907314300537,eb7edbbc21ae46d5cbcf77df36fb0fa46bd5c01eb90ae29110226352b7570857
00843,p106,sentences_16_regular,-2.0,12.124895833333333,fp16,1.4610203504562378,0.8807862337222881,9.021234209539992,3.046175956726074,3.092237949371338,2.575985908508301,4.1490254402160645,4.705175876617432,2.8463478088378906,2.4617080688476562,a30046e6bbc8ed879faea809b4539f21c79b74f7f9af956ed02bc3222f5c0351
00843,p106,sentences_16_regular,-2.0,12.124895833333333,int8,1.4592595100402832,0.8805622179455841,9.00756804355028,2.9529221057891846,3.184473991394043,2.689398765563965,4.161321640014648,4.706631660461426,2.8790879249572754,2.477348566055298,16f6b16ff466d7a4b6910f40f63bf2955c3efe2c9a9da5604e22b47e27dcce02
00843,p106,sentences_16_regular,-2.0,12.124895833333333,w7a8,1.4692424535751343,0.8799866051751645,8.981463279277026,2.9562902450561523,3.18957257270813,2.5182394981384277,4.442935943603516,4.769715309143066,2.8789923191070557,2.3601555824279785,5eae8bbb1649ca75fd64f0078304e4e1405af67ba725c328e441fd183d0eaa88
00849,p105,rainbow_07_regular,1.8,25.226395833333335,noisy,1.1020863056182861,0.7267263388794879,0.2135452492450231,2.613588809967041,3.230475902557373,2.789611577987671,1.1145325899124146,3.8044681549072266,2.8568286895751953,1.6808818578720093,1536a5ead5a2c509854cf4252163d495619036453f748d18bf5cf9400ac44ded
00849,p105,rainbow_07_regular,1.8,25.226395833333335,onnx,1.7130924463272095,0.8799678870696719,9.99847203240476,3.700165271759033,3.5546610355377197,3.5117077827453613,4.693963527679443,4.73463773727417,3.3903918266296387,3.0420637130737305,5d86fa41f5319a35159c7cd85ed22f9211b7237fc81ca5aa96cf8de111272b3a
00849,p105,rainbow_07_regular,1.8,25.226395833333335,fp16,1.713134765625,0.8799668276270253,9.998142114324551,3.7015674114227295,3.556063413619995,3.5135316848754883,4.69447135925293,4.735584735870361,3.3916592597961426,3.0422117710113525,dd307c4be34358e12025670a50f6718c9b6c382fcbf52ebb2e4de66e6d3b7d8e
00849,p105,rainbow_07_regular,1.8,25.226395833333335,int8,1.7163478136062622,0.879637742677928,10.000917891458554,3.711254358291626,3.5993266105651855,3.5519208908081055,4.715486526489258,4.762335300445557,3.409935235977173,3.0806238651275635,cdcfb38de40e17f65e4305bf1c1c6055479e09f34478f1222ac286e7a0818bfa
00849,p105,rainbow_07_regular,1.8,25.226395833333335,w7a8,1.7042207717895508,0.8796876582058788,9.997445620753204,3.8250207901000977,3.4695403575897217,3.4436287879943848,4.730246543884277,4.6770124435424805,3.418468952178955,3.033174753189087,1c796f15881ed928a20a85253e27aaecfb2853f5d543b81bd60795c69b26af87
00864,p104,rainbow_03_regular,10.2,20.63125,noisy,1.1086552143096924,0.8945808044070369,8.32844449707533,3.5324978828430176,3.340751886367798,3.7940514087677,1.603813648223877,4.149031162261963,3.102372169494629,2.068650722503662,6da435c5bb222ec866a1122e2e62f70be28c0da05e4ef269c8a93bd08d25045d
00864,p104,rainbow_03_regular,10.2,20.63125,onnx,2.591850757598877,0.9720982580377232,18.97205277439764,4.273501873016357,3.752387523651123,3.4063539505004883,4.670317649841309,4.889986991882324,4.198474884033203,3.7265307903289795,8a3ebe60efb50e8aad772b44ae19f284cc28b9d6ba5352ed76ce14f126c297f6
00864,p104,rainbow_03_regular,10.2,20.63125,fp16,2.5917680263519287,0.9721005092798635,18.97208266683338,4.271584510803223,3.752694606781006,3.406085729598999,4.669824123382568,4.889926433563232,4.197380542755127,3.7261366844177246,74d78c6fb12b3224e9b6c7fc03c27387a30f6dc8dfb0e115d39aad93e4c09964
00864,p104,rainbow_03_regular,10.2,20.63125,int8,2.5955278873443604,0.9721135531500824,18.956284694243642,4.251262664794922,3.8071463108062744,3.3773059844970703,4.648500442504883,4.891788482666016,4.1740193367004395,3.715792179107666,74ea5cca3bd6194d51ac09e6ec61db58ee96446a06ac373c2321ec35016d31c2
00864,p104,rainbow_03_regular,10.2,20.63125,w7a8,2.5706124305725098,0.9717991085808168,18.909514718742,4.22713565826416,3.654311180114746,3.4246764183044434,4.619515419006348,4.880481719970703,4.1760735511779785,3.7109475135803223,365f0c1e2bc5186197f8b789f39a55adcc18fd81714d051134750b65d88a0840
00871,p104,rainbow_07_slow,8.4,23.259145833333335,noisy,1.135798454284668,0.8983244498597766,6.067015260266574,3.067197799682617,3.842421531677246,3.066555976867676,1.814228892326355,4.617189407348633,3.119748592376709,2.215332508087158,6d72b8229b9e02fb0181c5c4bfe026ba2015393e067bf570cb2342d83eefaf41
00871,p104,rainbow_07_slow,8.4,23.259145833333335,onnx,2.593085289001465,0.9775343597754658,17.59401047942624,3.6711554527282715,4.207027435302734,3.477861166000366,4.614545822143555,4.771813869476318,3.9544265270233154,3.3462650775909424,ae5712d88eda1e211e543da198c3b3ad124cfcdee91c6d1aeff74193d2ccc64b
00871,p104,rainbow_07_slow,8.4,23.259145833333335,fp16,2.5931313037872314,0.9775338042040237,17.59382628040241,3.6709482669830322,4.206779479980469,3.477245330810547,4.614538192749023,4.771730899810791,3.9535956382751465,3.345637083053589,2e2645c851740798f723fa067bc2a4746ea99c789ca195e6443d6bff9778218d
00871,p104,rainbow_07_slow,8.4,23.259145833333335,int8,2.593040704727173,0.9774434801568235,17.586557010077307,3.6976215839385986,4.219623565673828,3.5562233924865723,4.649972915649414,4.77504825592041,3.991297721862793,3.361149311065674,101c595ed1ec7beb13feb95a09728a04036e046580beac8acf4a9c11a746cbec
00871,p104,rainbow_07_slow,8.4,23.259145833333335,w7a8,2.585512161254883,0.9773083822677013,17.547901956471286,3.742765426635742,4.232452869415283,3.4685447216033936,4.5856170654296875,4.751236915588379,4.001955986022949,3.418072462081909,5b919c7edc1d20b4dd5d2460e1cc7e25bb20ebeaa09f885f46a30509a164bd09
00878,p106,rainbow_02_regular,14.8,14.135541666666667,noisy,1.5412650108337402,0.9682443474938687,11.044899399679275,2.7811412811279297,3.3343615531921387,3.2135989665985107,2.523937702178955,4.532963275909424,3.3122737407684326,2.5298891067504883,437ef1aa85a581aff2d66f891db32e6b41661cf700cc2d740e9077e674372076
00878,p106,rainbow_02_regular,14.8,14.135541666666667,onnx,3.15966534614563,0.9878949408941919,23.061993092406713,3.273728847503662,4.069100856781006,3.237285852432251,4.3718390464782715,4.669823169708252,3.606161594390869,3.133077383041382,dc26251dbe45565ab7c213f7e8130139fbf7eab73aa40d089847f2a8259a2961
00878,p106,rainbow_02_regular,14.8,14.135541666666667,fp16,3.159782886505127,0.9878943575172197,23.061825840920413,3.2734344005584717,4.0681233406066895,3.2385103702545166,4.370952606201172,4.669284820556641,3.6062326431274414,3.133589267730713,bb32ebcd6ea331b2a508d02ed6e08633cb134244862bc76c685f1f5acf573cc1
00878,p106,rainbow_02_regular,14.8,14.135541666666667,int8,3.1510024070739746,0.9877967490832236,23.05949505406778,3.228750705718994,4.10054874420166,3.3125929832458496,4.339761257171631,4.650947570800781,3.5751616954803467,3.126603603363037,7c56ae8696a7dc0a036d98dc3b98ef8273109a82ee5571190e8a73a9ae3b8a43
00878,p106,rainbow_02_regular,14.8,14.135541666666667,w7a8,3.166130542755127,0.9877207473553957,22.93415053915814,3.287050724029541,4.06942081451416,3.369870901107788,4.327187538146973,4.640076637268066,3.676180601119995,3.1836934089660645,e30b3bd2587d147a2fc7fc0d6771dc95865f326632888b16861eab0d235ad5f5
